Date/Time,Environment:Site Outdoor Air Drybulb Temperature [C](TimeStep),Environment:Site Wind Speed [m/s](TimeStep),Environment:Site Wind Direction [deg](TimeStep),ZONE_HALLE:Zone Outdoor Air Drybulb Temperature [C](TimeStep),ZONE_HALLE:Zone Outdoor Air Wind Speed [m/s](TimeStep),ZONE_HALLE:Zone Mean Air Temperature [C](TimeStep),ZONE_HALLE:Zone Ventilation Sensible Heat Loss Energy [J](TimeStep),ZONE_HALLE:Zone Ventilation Current Density Volume Flow Rate [m3/s](TimeStep),ZONE_HALLE:Zone Ventilation Standard Density Volume Flow Rate [m3/s](TimeStep),ZONE_HALLE:Zone Ventilation Mass Flow Rate [kg/s](TimeStep),ZONE_HALLE:Zone Ventilation Current Density Air Change Rate [ach](TimeStep),IDEALLOADS:Zone Ideal Loads Supply Air Total Heating Rate [W](TimeStep),IDEALLOADS:Zone Ideal Loads Supply Air Total Cooling Rate [W](TimeStep) 
 01/15  00:15:00,17.0,5.071965,247.5,17.0,5.071965,17.0,0.0,6.0804192976386515,6.091833438104616,6.887848933006333,2.026806432546217,779.8071217456601,0.0 
 01/15  00:30:00,17.0,5.071965,247.5,17.0,5.071965,17.000000000000004,2.2391663511806296e-8,6.080419297638651,6.091833438104615,6.887848933006332,2.0268064325462167,780.0155972309877,0.0 
 01/15  00:45:00,17.0,5.071965,247.5,17.0,5.071965,17.0,0.0,6.0804192976386515,6.091833438104616,6.887848933006333,2.026806432546217,780.2224734069314,0.0 
 01/15  01:00:00,17.0,5.071965,247.5,17.0,5.071965,17.0,0.0,6.080419297638651,6.091833438104615,6.887848933006332,2.0268064325462167,780.4277623953533,0.0 
 01/15  01:15:00,17.0,5.071965,247.5,17.0,5.071965,17.0,0.0,6.080419297638651,6.091833438104615,6.887848933006332,2.0268064325462167,780.6314762273105,0.0 
 01/15  01:30:00,17.0,5.071965,247.5,17.0,5.071965,17.0,0.0,6.080419297638651,6.091833438104615,6.887848933006332,2.0268064325462167,780.8336268466667,0.0 
 01/15  01:45:00,17.0,5.071965,247.5,17.0,5.071965,17.000000000000004,2.2391663511806296e-8,6.080419297638651,6.091833438104615,6.887848933006332,2.0268064325462167,781.0342261076441,0.0 
 01/15  02:00:00,17.0,5.071965,247.5,17.0,5.071965,17.0,0.0,6.0804192976386515,6.091833438104616,6.887848933006333,2.026806432546217,781.2332857772709,0.0 
 01/15  02:15:00,17.0,5.071965,247.5,17.0,5.071965,17.000000000000004,2.2391663511806296e-8,6.080419297638651,6.091833438104615,6.887848933006332,2.0268064325462167,781.4308175364279,0.0 
 01/15  02:30:00,17.0,5.071965,247.5,17.0,5.071965,17.000000000000004,2.23916635118063e-8,6.0804192976386515,6.091833438104616,6.887848933006333,2.026806432546217,781.6268329770537,0.0 
 01/15  02:45:00,17.0,5.071965,247.5,17.0,5.071965,16.999999999999996,0.0,6.0804192976386515,6.091833438104616,6.887848933006333,2.026806432546217,781.8213436085499,0.0 
 01/15  03:00:00,17.0,5.071965,247.5,17.0,5.071965,17.000000000000004,2.23916635118063e-8,6.0804192976386515,6.091833438104616,6.887848933006333,2.026806432546217,782.0143608530054,0.0 
 01/15  03:15:00,17.0,5.071965,247.5,17.0,5.071965,16.999999999999996,0.0,6.0804192976386515,6.091833438104616,6.887848933006333,2.026806432546217,782.205896046944,0.0 
 01/15  03:30:00,17.0,5.071965,247.5,17.0,5.071965,17.0,0.0,6.0804192976386515,6.091833438104616,6.887848933006333,2.026806432546217,782.3959604464474,0.0 
 01/15  03:45:00,17.0,5.071965,247.5,17.0,5.071965,17.0,0.0,6.080419297638651,6.091833438104615,6.887848933006332,2.0268064325462167,782.5845652195857,0.0 
 01/15  04:00:00,17.0,5.071965,247.5,17.0,5.071965,16.999999999999996,0.0,6.080419297638651,6.091833438104615,6.887848933006332,2.0268064325462167,782.7717214551524,0.0 
 01/15  04:15:00,17.0,5.071965,247.5,17.0,5.071965,17.000000000000004,2.23916635118063e-8,6.0804192976386515,6.091833438104616,6.887848933006333,2.026806432546217,782.9574401583525,0.0 
 01/15  04:30:00,17.0,5.071965,247.5,17.0,5.071965,17.000000000000004,2.23916635118063e-8,6.0804192976386515,6.091833438104616,6.887848933006333,2.026806432546217,783.1417322515044,0.0 
 01/15  04:45:00,17.0,5.071965,247.5,17.0,5.071965,17.0,0.0,6.0804192976386515,6.091833438104616,6.887848933006333,2.026806432546217,783.3246085782303,0.0 
 01/15  05:00:00,17.0,5.071965,247.5,17.0,5.071965,17.0,0.0,6.080419297638651,6.091833438104615,6.887848933006332,2.0268064325462167,783.5060798997292,0.0 
 01/15  05:15:00,17.0,5.071965,247.5,17.0,5.071965,16.999999999999996,0.0,6.080419297638651,6.091833438104615,6.887848933006332,2.0268064325462167,783.6861568974565,0.0 
 01/15  05:30:00,17.0,5.071965,247.5,17.0,5.071965,16.999999999999996,0.0,6.0804192976386515,6.091833438104616,6.887848933006333,2.026806432546217,783.8648501745191,0.0 
 01/15  05:45:00,17.0,5.071965,247.5,17.0,5.071965,17.0,0.0,6.0804192976386515,6.091833438104616,6.887848933006333,2.026806432546217,784.0421702536989,0.0 
 01/15  06:00:00,17.0,5.071965,247.5,17.0,5.071965,17.0,0.0,6.080419297638651,6.091833438104615,6.887848933006332,2.0268064325462167,784.2181275800103,0.0 
 01/15  06:15:00,17.0,5.071965,247.5,17.0,5.071965,17.000000000000004,2.2391663511806296e-8,6.080419297638651,6.091833438104615,6.887848933006332,2.0268064325462167,784.3927325218685,0.0 
 01/15  06:30:00,17.0,5.071965,247.5,17.0,5.071965,17.0,0.0,6.0804192976386515,6.091833438104616,6.887848933006333,2.026806432546217,784.5659953682919,0.0 
 01/15  06:45:00,17.0,5.071965,247.5,17.0,5.071965,17.000000000000004,2.2391663511806296e-8,6.080419297638651,6.091833438104615,6.887848933006332,2.0268064325462167,784.7379263340265,0.0 
 01/15  07:00:00,17.0,5.071965,247.5,17.0,5.071965,17.0,0.0,6.0804192976386515,6.091833438104616,6.887848933006333,2.026806432546217,784.9085355550053,0.0 
 01/15  07:15:00,17.0,5.071965,247.5,17.0,5.071965,17.0,0.0,6.080419297638651,6.091833438104615,6.887848933006332,2.0268064325462167,785.0778330948673,0.0 
 01/15  07:30:00,17.0,5.071965,247.5,17.0,5.071965,17.0,0.0,6.080419297638651,6.091833438104615,6.887848933006332,2.0268064325462167,785.2458289389035,0.0 
 01/15  07:45:00,17.0,5.071965,247.5,17.0,5.071965,17.000000000000004,2.2391663511806296e-8,6.080419297638651,6.091833438104615,6.887848933006332,2.0268064325462167,785.412533000461,0.0 
 01/15  08:00:00,17.0,5.071965,247.5,17.0,5.071965,17.0,0.0,6.0804192976386515,6.091833438104616,6.887848933006333,2.026806432546217,785.5779551173329,0.0 
 01/15  08:15:00,17.0,5.071965,247.5,17.0,5.071965,17.000000000000004,2.2391663511806296e-8,6.080419297638651,6.091833438104615,6.887848933006332,2.0268064325462167,785.7421050552513,0.0 
 01/15  08:30:00,17.0,5.071965,247.5,17.0,5.071965,16.999999999999996,0.0,6.0804192976386515,6.091833438104616,6.887848933006333,2.026806432546217,785.9049925048606,0.0 
 01/15  08:45:00,17.0,5.071965,247.5,17.0,5.071965,16.999999999999993,0.0,6.0804192976386515,6.091833438104616,6.887848933006333,2.026806432546217,786.06662708777,0.0 
 01/15  09:00:00,17.0,5.071965,247.5,17.0,5.071965,17.000000000000004,2.2391663511806306e-8,6.080419297638653,6.091833438104618,6.887848933006334,2.0268064325462176,786.2270183501532,0.0 
 01/15  09:15:00,17.0,5.071965,247.5,17.0,5.071965,17.0,0.0,6.0804192976386515,6.091833438104616,6.887848933006333,2.026806432546217,786.3861757683336,0.0 
 01/15  09:30:00,17.0,5.071965,247.5,17.0,5.071965,17.000000000000004,2.2391663511806296e-8,6.080419297638651,6.091833438104615,6.887848933006332,2.0268064325462167,786.5441087496004,0.0 
 01/15  09:45:00,17.0,5.071965,247.5,17.0,5.071965,17.0,0.0,6.0804192976386515,6.091833438104616,6.887848933006333,2.026806432546217,786.7008266270859,0.0 
 01/15  10:00:00,17.0,5.071965,247.5,17.0,5.071965,17.0,0.0,6.080419297638651,6.091833438104615,6.887848933006332,2.0268064325462167,786.8563386677997,0.0 
 01/15  10:15:00,17.0,5.071965,247.5,17.0,5.071965,17.0,0.0,6.080419297638651,6.091833438104615,6.887848933006332,2.0268064325462167,787.0106540666893,0.0 
 01/15  10:30:00,17.0,5.071965,247.5,17.0,5.071965,17.0,0.0,6.080419297638651,6.091833438104615,6.887848933006332,2.0268064325462167,787.1637819516475,0.0 
 01/15  10:45:00,17.0,5.071965,247.5,17.0,5.071965,17.000000000000004,2.2391663511806296e-8,6.080419297638651,6.091833438104615,6.887848933006332,2.0268064325462167,787.3157313812992,0.0 
 01/15  11:00:00,17.0,5.071965,247.5,17.0,5.071965,17.0,0.0,6.0804192976386515,6.091833438104616,6.887848933006333,2.026806432546217,787.4665113463997,0.0 
 01/15  11:15:00,17.0,5.071965,247.5,17.0,5.071965,17.0,0.0,6.080419297638651,6.091833438104615,6.887848933006332,2.0268064325462167,787.6161307713485,0.0 
 01/15  11:30:00,17.0,5.071965,247.5,17.0,5.071965,17.0,0.0,6.080419297638651,6.091833438104615,6.887848933006332,2.0268064325462167,787.7645985119742,0.0 
 01/15  11:45:00,17.0,5.071965,247.5,17.0,5.071965,17.0,0.0,6.080419297638651,6.091833438104615,6.887848933006332,2.0268064325462167,787.9119233592646,0.0 
 01/15  12:00:00,17.0,5.071965,247.5,17.0,5.071965,17.0,0.0,6.080419297638651,6.091833438104615,6.887848933006332,2.0268064325462167,788.0581140377326,0.0 
 01/15  12:15:00,17.0,5.071965,247.5,17.0,5.071965,16.999999999999996,0.0,6.080419297638651,6.091833438104615,6.887848933006332,2.0268064325462167,788.2031792058842,0.0 
 01/15  12:30:00,17.0,5.071965,247.5,17.0,5.071965,17.0,0.0,6.0804192976386515,6.091833438104616,6.887848933006333,2.026806432546217,788.3471274584301,0.0 
 01/15  12:45:00,17.0,5.071965,247.5,17.0,5.071965,17.0,0.0,6.080419297638651,6.091833438104615,6.887848933006332,2.0268064325462167,788.4899673240726,0.0 
 01/15  13:00:00,17.0,5.071965,247.5,17.0,5.071965,16.999999999999993,0.0,6.080419297638651,6.091833438104615,6.887848933006332,2.0268064325462167,788.6317072690001,0.0 
 01/15  13:15:00,17.0,5.071965,247.5,17.0,5.071965,17.0,0.0,6.080419297638653,6.091833438104618,6.887848933006334,2.0268064325462176,788.7723556953715,0.0 
 01/15  13:30:00,17.0,5.071965,247.5,17.0,5.071965,17.0,0.0,6.080419297638651,6.091833438104615,6.887848933006332,2.0268064325462167,788.9119209407363,0.0 
 01/15  13:45:00,17.0,5.071965,247.5,17.0,5.071965,17.0,0.0,6.080419297638651,6.091833438104615,6.887848933006332,2.0268064325462167,789.0504112826895,0.0 
 01/15  14:00:00,17.0,5.071965,247.5,17.0,5.071965,17.0,0.0,6.080419297638651,6.091833438104615,6.887848933006332,2.0268064325462167,789.1878349344479,0.0 
 01/15  14:15:00,17.0,5.071965,247.5,17.0,5.071965,16.999999999999996,0.0,6.080419297638651,6.091833438104615,6.887848933006332,2.0268064325462167,789.3242000483443,0.0 
 01/15  14:30:00,17.0,5.071965,247.5,17.0,5.071965,16.999999999999996,0.0,6.0804192976386515,6.091833438104616,6.887848933006333,2.026806432546217,789.4595147154762,0.0 
 01/15  14:45:00,17.0,5.071965,247.5,17.0,5.071965,17.0,0.0,6.0804192976386515,6.091833438104616,6.887848933006333,2.026806432546217,789.5937869657066,0.0 
 01/15  15:00:00,17.0,5.071965,247.5,17.0,5.071965,17.0,0.0,6.080419297638651,6.091833438104615,6.887848933006332,2.0268064325462167,789.7270247684793,0.0 
 01/15  15:15:00,17.0,5.071965,247.5,17.0,5.071965,17.0,0.0,6.080419297638651,6.091833438104615,6.887848933006332,2.0268064325462167,789.8592360342155,0.0 
 01/15  15:30:00,17.0,5.071965,247.5,17.0,5.071965,17.000000000000004,2.2391663511806296e-8,6.080419297638651,6.091833438104615,6.887848933006332,2.0268064325462167,789.9904286124511,0.0 
 01/15  15:45:00,17.0,5.071965,247.5,17.0,5.071965,17.0,0.0,6.0804192976386515,6.091833438104616,6.887848933006333,2.026806432546217,790.1206102940486,0.0 
 01/15  16:00:00,17.0,5.071965,247.5,17.0,5.071965,17.0,0.0,6.080419297638651,6.091833438104615,6.887848933006332,2.0268064325462167,790.2497888121288,0.0 
 01/15  16:15:00,17.0,5.071965,247.5,17.0,5.071965,17.0,0.0,6.080419297638651,6.091833438104615,6.887848933006332,2.0268064325462167,790.3779718398584,0.0 
 01/15  16:30:00,17.0,5.071965,247.5,17.0,5.071965,16.999999999999996,0.0,6.080419297638651,6.091833438104615,6.887848933006332,2.0268064325462167,790.5051669941752,0.0 
 01/15  16:45:00,17.0,5.071965,247.5,17.0,5.071965,17.0,0.0,6.0804192976386515,6.091833438104616,6.887848933006333,2.026806432546217,790.6313818339261,0.0 
 01/15  17:00:00,17.0,5.071965,247.5,17.0,5.071965,17.0,0.0,6.080419297638651,6.091833438104615,6.887848933006332,2.0268064325462167,790.7566238603324,0.0 
 01/15  17:15:00,17.0,5.071965,247.5,17.0,5.071965,17.0,0.0,6.080419297638651,6.091833438104615,6.887848933006332,2.0268064325462167,790.8809005195509,0.0 
 01/15  17:30:00,17.0,5.071965,247.5,17.0,5.071965,17.0,0.0,6.080419297638651,6.091833438104615,6.887848933006332,2.0268064325462167,791.0042192003459,0.0 
 01/15  17:45:00,17.0,5.071965,247.5,17.0,5.071965,17.000000000000007,4.478332702361259e-8,6.080419297638651,6.091833438104615,6.887848933006332,2.0268064325462167,791.1265872363003,0.0 
 01/15  18:00:00,17.0,5.071965,247.5,17.0,5.071965,17.000000000000004,2.2391663511806306e-8,6.080419297638653,6.091833438104618,6.887848933006334,2.0268064325462176,791.2480119050017,0.0 
 01/15  18:15:00,17.0,5.071965,247.5,17.0,5.071965,17.0,0.0,6.0804192976386515,6.091833438104616,6.887848933006333,2.026806432546217,791.36850043037,0.0 
 01/15  18:30:00,17.0,5.071965,247.5,17.0,5.071965,17.0,0.0,6.080419297638651,6.091833438104615,6.887848933006332,2.0268064325462167,791.488059980795,0.0 
 01/15  18:45:00,17.0,5.071965,247.5,17.0,5.071965,16.999999999999996,0.0,6.080419297638651,6.091833438104615,6.887848933006332,2.0268064325462167,791.606697670417,0.0 
 01/15  19:00:00,17.0,5.071965,247.5,17.0,5.071965,17.000000000000004,2.23916635118063e-8,6.0804192976386515,6.091833438104616,6.887848933006333,2.026806432546217,791.7244205607569,0.0 
 01/15  19:15:00,17.0,5.071965,247.5,17.0,5.071965,17.0,0.0,6.0804192976386515,6.091833438104616,6.887848933006333,2.026806432546217,791.8412356578048,0.0 
 01/15  19:30:00,17.0,5.071965,247.5,17.0,5.071965,16.999999999999996,0.0,6.080419297638651,6.091833438104615,6.887848933006332,2.0268064325462167,791.9571499179585,0.0 
 01/15  19:45:00,17.0,5.071965,247.5,17.0,5.071965,17.000000000000004,2.23916635118063e-8,6.0804192976386515,6.091833438104616,6.887848933006333,2.026806432546217,792.0721702418525,0.0 
 01/15  20:00:00,17.0,5.071965,247.5,17.0,5.071965,16.999999999999996,0.0,6.0804192976386515,6.091833438104616,6.887848933006333,2.026806432546217,792.1863034788984,0.0 
 01/15  20:15:00,17.0,5.071965,247.5,17.0,5.071965,17.0,0.0,6.0804192976386515,6.091833438104616,6.887848933006333,2.026806432546217,792.2995564287996,0.0 
 01/15  20:30:00,17.0,5.071965,247.5,17.0,5.071965,17.0,0.0,6.080419297638651,6.091833438104615,6.887848933006332,2.0268064325462167,792.411935835844,0.0 
 01/15  20:45:00,17.0,5.071965,247.5,17.0,5.071965,17.0,0.0,6.080419297638651,6.091833438104615,6.887848933006332,2.0268064325462167,792.5234483975219,0.0 
 01/15  21:00:00,17.0,5.071965,247.5,17.0,5.071965,17.0,0.0,6.080419297638651,6.091833438104615,6.887848933006332,2.0268064325462167,792.6341007575393,0.0 
 01/15  21:15:00,17.0,5.071965,247.5,17.0,5.071965,17.000000000000004,2.2391663511806296e-8,6.080419297638651,6.091833438104615,6.887848933006332,2.0268064325462167,792.7438995109407,0.0 
 01/15  21:30:00,17.0,5.071965,247.5,17.0,5.071965,17.0,0.0,6.0804192976386515,6.091833438104616,6.887848933006333,2.026806432546217,792.8528512017801,0.0 
 01/15  21:45:00,17.0,5.071965,247.5,17.0,5.071965,17.0,0.0,6.080419297638651,6.091833438104615,6.887848933006332,2.0268064325462167,792.9609623262661,0.0 
 01/15  22:00:00,17.0,5.071965,247.5,17.0,5.071965,17.000000000000004,2.2391663511806296e-8,6.080419297638651,6.091833438104615,6.887848933006332,2.0268064325462167,793.0682393292666,0.0 
 01/15  22:15:00,17.0,5.071965,247.5,17.0,5.071965,16.999999999999996,0.0,6.0804192976386515,6.091833438104616,6.887848933006333,2.026806432546217,793.1746886081528,0.0 
 01/15  22:30:00,17.0,5.071965,247.5,17.0,5.071965,16.999999999999996,0.0,6.0804192976386515,6.091833438104616,6.887848933006333,2.026806432546217,793.2803165124499,0.0 
 01/15  22:45:00,17.0,5.071965,247.5,17.0,5.071965,17.000000000000004,2.23916635118063e-8,6.0804192976386515,6.091833438104616,6.887848933006333,2.026806432546217,793.3851293413902,0.0 
 01/15  23:00:00,17.0,5.071965,247.5,17.0,5.071965,16.999999999999996,0.0,6.0804192976386515,6.091833438104616,6.887848933006333,2.026806432546217,793.4891333481066,0.0 
 01/15  23:15:00,17.0,5.071965,247.5,17.0,5.071965,16.999999999999996,0.0,6.0804192976386515,6.091833438104616,6.887848933006333,2.026806432546217,793.5923347392818,0.0 
 01/15  23:30:00,17.0,5.071965,247.5,17.0,5.071965,16.999999999999996,0.0,6.0804192976386515,6.091833438104616,6.887848933006333,2.026806432546217,793.694739671424,0.0 
 01/15  23:45:00,17.0,5.071965,247.5,17.0,5.071965,17.0,0.0,6.0804192976386515,6.091833438104616,6.887848933006333,2.026806432546217,793.7963542575017,0.0 
 01/15  24:00:00,17.0,5.071965,247.5,17.0,5.071965,16.999999999999996,0.0,6.080419297638651,6.091833438104615,6.887848933006332,2.0268064325462167,793.8971845620547,0.0 
