Date/Time,Environment:Site Outdoor Air Drybulb Temperature [C](TimeStep),Environment:Site Wind Speed [m/s](TimeStep),Environment:Site Wind Direction [deg](TimeStep),ZONE_SUED:Zone Outdoor Air Drybulb Temperature [C](TimeStep),ZONE_SUED:Zone Outdoor Air Wind Speed [m/s](TimeStep),ZONE_NORD:Zone Outdoor Air Drybulb Temperature [C](TimeStep),ZONE_NORD:Zone Outdoor Air Wind Speed [m/s](TimeStep),ZONE_SUED:Zone Mean Air Temperature [C](TimeStep),ZONE_NORD:Zone Mean Air Temperature [C](TimeStep),ZONE_SUED:Zone Ventilation Sensible Heat Loss Energy [J](TimeStep),ZONE_SUED:Zone Ventilation Current Density Volume Flow Rate [m3/s](TimeStep),ZONE_SUED:Zone Ventilation Standard Density Volume Flow Rate [m3/s](TimeStep),ZONE_SUED:Zone Ventilation Mass Flow Rate [kg/s](TimeStep),ZONE_SUED:Zone Ventilation Current Density Air Change Rate [ach](TimeStep),ZONE_NORD:Zone Mixing Current Density Volume Flow Rate [m3/s](TimeStep),ZONE_NORD:Zone Mixing Standard Density Volume Flow Rate [m3/s](TimeStep),ZONE_NORD:Zone Mixing Mass Flow Rate [kg/s](TimeStep),ZONE_NORD:Zone Mixing Sensible Heat Loss Energy [J](TimeStep),ZONE_NORD:Zone Mixing Sensible Heat Gain Energy [J](TimeStep),ZONE_SUED:Zone Mixing Current Density Volume Flow Rate [m3/s](TimeStep),ZONE_SUED:Zone Mixing Standard Density Volume Flow Rate [m3/s](TimeStep),ZONE_SUED:Zone Mixing Mass Flow Rate [kg/s](TimeStep),ZONE_SUED:Zone Mixing Sensible Heat Loss Energy [J](TimeStep),ZONE_SUED:Zone Mixing Sensible Heat Gain Energy [J](TimeStep),IDEALLOADS_NORD:Zone Ideal Loads Supply Air Total Heating Rate [W](TimeStep),IDEALLOADS_NORD:Zone Ideal Loads Supply Air Total Cooling Rate [W](TimeStep),IDEALLOADS_SUED:Zone Ideal Loads Supply Air Total Heating Rate [W](TimeStep),IDEALLOADS_SUED:Zone Ideal Loads Supply Air Total Cooling Rate [W](TimeStep) 
 01/15  00:15:00,17.0,5.071965,157.5,17.0,5.071965,17.0,5.071965,17.0,17.0,0.0,18.086421714553918,18.1203734780543,20.48814965061249,12.057614476369277,18.08642,18.120371760281827,20.488147708379923,0.0,0.0,18.08642,18.120371760281827,20.488147708379923,0.0,0.0,410.5325700311223,0.0,389.9917404085864,0.0 
 01/15  00:30:00,17.0,5.071965,157.5,17.0,5.071965,17.0,5.071965,17.000000000000004,17.0,6.66047930809961e-8,18.086421714553918,18.1203734780543,20.48814965061249,12.057614476369277,18.08642,18.120371760281827,20.488147708379923,0.0,6.660478676700484e-8,18.08642,18.120371760281827,20.488147708379923,6.660478676700484e-8,0.0,410.6354479480069,0.0,390.09462578978867,0.0 
 01/15  00:45:00,17.0,5.071965,157.5,17.0,5.071965,17.0,5.071965,17.0,16.999999999999996,0.0,18.086421714553918,18.1203734780543,20.48814965061249,12.057614476369277,18.08642,18.120371760281827,20.488147708379923,0.0,6.660478676700484e-8,18.08642,18.120371760281827,20.488147708379923,6.660478676700484e-8,0.0,410.7375245454023,0.0,390.1967127415119,0.0 
 01/15  01:00:00,17.0,5.071965,157.5,17.0,5.071965,17.0,5.071965,17.000000000000004,17.000000000000004,6.66047930809961e-8,18.086421714553918,18.1203734780543,20.48814965061249,12.057614476369277,18.08642,18.120371760281827,20.488147708379923,0.0,0.0,18.08642,18.120371760281827,20.488147708379923,0.0,0.0,410.8388059983264,0.0,390.29800738825,0.0 
 01/15  01:15:00,17.0,5.071965,157.5,17.0,5.071965,17.0,5.071965,17.0,17.000000000000004,0.0,18.086421714553918,18.1203734780543,20.48814965061249,12.057614476369277,18.08642,18.120371760281827,20.488147708379923,6.660478676700484e-8,0.0,18.08642,18.120371760281827,20.488147708379923,0.0,6.660478676700484e-8,410.9392984336009,0.0,390.3985158076976,0.0 
 01/15  01:30:00,17.0,5.071965,157.5,17.0,5.071965,17.0,5.071965,17.0,17.0,0.0,18.086421714553918,18.1203734780543,20.48814965061249,12.057614476369277,18.08642,18.120371760281827,20.488147708379923,0.0,0.0,18.08642,18.120371760281827,20.488147708379923,0.0,0.0,411.0390079336939,0.0,390.4982440331952,0.0 
 01/15  01:45:00,17.0,5.071965,157.5,17.0,5.071965,17.0,5.071965,17.0,17.0,0.0,18.086421714553918,18.1203734780543,20.48814965061249,12.057614476369277,18.08642,18.120371760281827,20.488147708379923,0.0,0.0,18.08642,18.120371760281827,20.488147708379923,0.0,0.0,411.1379405343905,0.0,390.5971980514006,0.0 
 01/15  02:00:00,17.0,5.071965,157.5,17.0,5.071965,17.0,5.071965,16.999999999999996,17.0,0.0,18.086421714553918,18.1203734780543,20.48814965061249,12.057614476369277,18.08642,18.120371760281827,20.488147708379923,6.660478676700484e-8,0.0,18.08642,18.120371760281827,20.488147708379923,0.0,6.660478676700484e-8,411.2361022257247,0.0,390.6953838055488,0.0 
 01/15  02:15:00,17.0,5.071965,157.5,17.0,5.071965,17.0,5.071965,17.0,17.0,0.0,18.086421714553918,18.1203734780543,20.48814965061249,12.057614476369277,18.08642,18.120371760281827,20.488147708379923,0.0,0.0,18.08642,18.120371760281827,20.488147708379923,0.0,0.0,411.33349895325955,0.0,390.7928071938223,0.0 
 01/15  02:30:00,17.0,5.071965,157.5,17.0,5.071965,17.0,5.071965,17.0,17.0,0.0,18.086421714553918,18.1203734780543,20.48814965061249,12.057614476369277,18.08642,18.120371760281827,20.488147708379923,0.0,0.0,18.08642,18.120371760281827,20.488147708379923,0.0,0.0,411.4301366172732,0.0,390.88947406958323,0.0 
 01/15  02:45:00,17.0,5.071965,157.5,17.0,5.071965,17.0,5.071965,16.999999999999996,17.000000000000004,0.0,18.086421714553918,18.1203734780543,20.48814965061249,12.057614476369277,18.08642,18.120371760281827,20.488147708379923,1.3320957353400967e-7,0.0,18.08642,18.120371760281827,20.488147708379923,0.0,1.3320957353400967e-7,411.52602107368887,0.0,390.985390243237,0.0 
 01/15  03:00:00,17.0,5.071965,157.5,17.0,5.071965,17.0,5.071965,16.999999999999996,17.000000000000004,0.0,18.086421714553918,18.1203734780543,20.48814965061249,12.057614476369277,18.08642,18.120371760281827,20.488147708379923,1.3320957353400967e-7,0.0,18.08642,18.120371760281827,20.488147708379923,0.0,1.3320957353400967e-7,411.6211581337266,0.0,391.0805614811835,0.0 
 01/15  03:15:00,17.0,5.071965,157.5,17.0,5.071965,17.0,5.071965,17.0,17.000000000000004,0.0,18.086421714553918,18.1203734780543,20.48814965061249,12.057614476369277,18.08642,18.120371760281827,20.488147708379923,6.660478676700484e-8,0.0,18.08642,18.120371760281827,20.488147708379923,0.0,6.660478676700484e-8,411.7155535654165,0.0,391.1749935064,0.0 
 01/15  03:30:00,17.0,5.071965,157.5,17.0,5.071965,17.0,5.071965,16.999999999999996,17.000000000000004,0.0,18.086421714553918,18.1203734780543,20.48814965061249,12.057614476369277,18.08642,18.120371760281827,20.488147708379923,1.3320957353400967e-7,0.0,18.08642,18.120371760281827,20.488147708379923,0.0,1.3320957353400967e-7,411.8092130928998,0.0,391.26869199902285,0.0 
 01/15  03:45:00,17.0,5.071965,157.5,17.0,5.071965,17.0,5.071965,17.0,17.000000000000004,0.0,18.086421714553918,18.1203734780543,20.48814965061249,12.057614476369277,18.08642,18.120371760281827,20.488147708379923,6.660478676700484e-8,0.0,18.08642,18.120371760281827,20.488147708379923,0.0,6.660478676700484e-8,411.90214239712793,0.0,391.36166259669704,0.0 
 01/15  04:00:00,17.0,5.071965,157.5,17.0,5.071965,17.0,5.071965,17.0,16.999999999999996,0.0,18.086421714553918,18.1203734780543,20.48814965061249,12.057614476369277,18.08642,18.120371760281827,20.488147708379923,0.0,6.660478676700484e-8,18.08642,18.120371760281827,20.488147708379923,6.660478676700484e-8,0.0,411.9943471158621,0.0,391.4539108943426,0.0 
 01/15  04:15:00,17.0,5.071965,157.5,17.0,5.071965,17.0,5.071965,17.0,17.0,0.0,18.086421714553918,18.1203734780543,20.48814965061249,12.057614476369277,18.08642,18.120371760281827,20.488147708379923,0.0,0.0,18.08642,18.120371760281827,20.488147708379923,0.0,0.0,412.0858328448377,0.0,391.5454424452037,0.0 
 01/15  04:30:00,17.0,5.071965,157.5,17.0,5.071965,17.0,5.071965,17.0,17.0,0.0,18.086421714553918,18.1203734780543,20.48814965061249,12.057614476369277,18.08642,18.120371760281827,20.488147708379923,0.0,0.0,18.08642,18.120371760281827,20.488147708379923,0.0,0.0,412.1766051362502,0.0,391.6362627602648,0.0 
 01/15  04:45:00,17.0,5.071965,157.5,17.0,5.071965,17.0,5.071965,17.0,17.000000000000004,0.0,18.086421714553918,18.1203734780543,20.48814965061249,12.057614476369277,18.08642,18.120371760281827,20.488147708379923,6.660478676700484e-8,0.0,18.08642,18.120371760281827,20.488147708379923,0.0,6.660478676700484e-8,412.2666695020162,0.0,391.72637730953295,0.0 
 01/15  05:00:00,17.0,5.071965,157.5,17.0,5.071965,17.0,5.071965,17.000000000000004,17.0,6.66047930809961e-8,18.086421714553918,18.1203734780543,20.48814965061249,12.057614476369277,18.08642,18.120371760281827,20.488147708379923,0.0,6.660478676700484e-8,18.08642,18.120371760281827,20.488147708379923,6.660478676700484e-8,0.0,412.35603141062893,0.0,391.81579152180353,0.0 
 01/15  05:15:00,17.0,5.071965,157.5,17.0,5.071965,17.0,5.071965,17.000000000000004,17.000000000000004,6.66047930809961e-8,18.086421714553918,18.1203734780543,20.48814965061249,12.057614476369277,18.08642,18.120371760281827,20.488147708379923,0.0,0.0,18.08642,18.120371760281827,20.488147708379923,0.0,0.0,412.44469629053503,0.0,391.90451078454504,0.0 
 01/15  05:30:00,17.0,5.071965,157.5,17.0,5.071965,17.0,5.071965,17.0,17.0,0.0,18.086421714553918,18.1203734780543,20.48814965061249,12.057614476369277,18.08642,18.120371760281827,20.488147708379923,0.0,0.0,18.08642,18.120371760281827,20.488147708379923,0.0,0.0,412.53266952745616,0.0,391.9925404451788,0.0 
 01/15  05:45:00,17.0,5.071965,157.5,17.0,5.071965,17.0,5.071965,17.0,17.000000000000004,0.0,18.086421714553918,18.1203734780543,20.48814965061249,12.057614476369277,18.08642,18.120371760281827,20.488147708379923,6.660478676700484e-8,0.0,18.08642,18.120371760281827,20.488147708379923,0.0,6.660478676700484e-8,412.61995646869775,0.0,392.079885810963,0.0 
 01/15  06:00:00,17.0,5.071965,157.5,17.0,5.071965,17.0,5.071965,16.999999999999996,17.000000000000004,0.0,18.086421714553918,18.1203734780543,20.48814965061249,12.057614476369277,18.08642,18.120371760281827,20.488147708379923,1.3320957353400967e-7,0.0,18.08642,18.120371760281827,20.488147708379923,0.0,1.3320957353400967e-7,412.7065624181415,0.0,392.16655214794457,0.0 
 01/15  06:15:00,17.0,5.071965,157.5,17.0,5.071965,17.0,5.071965,17.0,17.0,0.0,18.086421714553918,18.1203734780543,20.48814965061249,12.057614476369277,18.08642,18.120371760281827,20.488147708379923,0.0,0.0,18.08642,18.120371760281827,20.488147708379923,0.0,0.0,412.79249264195096,0.0,392.2525446844521,0.0 
 01/15  06:30:00,17.0,5.071965,157.5,17.0,5.071965,17.0,5.071965,17.0,17.000000000000007,0.0,18.086421714553918,18.1203734780543,20.48814965061249,12.057614476369277,18.08642,18.120371760281827,20.488147708379923,1.3320957353400967e-7,0.0,18.08642,18.120371760281827,20.488147708379923,0.0,1.3320957353400967e-7,412.8777523649625,0.0,392.3378686073702,0.0 
 01/15  06:45:00,17.0,5.071965,157.5,17.0,5.071965,17.0,5.071965,17.0,16.999999999999996,0.0,18.086421714553918,18.1203734780543,20.48814965061249,12.057614476369277,18.08642,18.120371760281827,20.488147708379923,0.0,6.660478676700484e-8,18.08642,18.120371760281827,20.488147708379923,6.660478676700484e-8,0.0,412.96234677231416,0.0,392.4225290656324,0.0 
 01/15  07:00:00,17.0,5.071965,157.5,17.0,5.071965,17.0,5.071965,17.000000000000004,17.0,6.66047930809961e-8,18.086421714553918,18.1203734780543,20.48814965061249,12.057614476369277,18.08642,18.120371760281827,20.488147708379923,0.0,6.660478676700484e-8,18.08642,18.120371760281827,20.488147708379923,6.660478676700484e-8,0.0,413.0462810111931,0.0,392.50653116987087,0.0 
 01/15  07:15:00,17.0,5.071965,157.5,17.0,5.071965,17.0,5.071965,17.0,17.000000000000004,0.0,18.086421714553918,18.1203734780543,20.48814965061249,12.057614476369277,18.08642,18.120371760281827,20.488147708379923,6.660478676700484e-8,0.0,18.08642,18.120371760281827,20.488147708379923,0.0,6.660478676700484e-8,413.1295601875755,0.0,392.58987999008974,0.0 
 01/15  07:30:00,17.0,5.071965,157.5,17.0,5.071965,17.0,5.071965,17.0,17.000000000000007,0.0,18.086421714553918,18.1203734780543,20.48814965061249,12.057614476369277,18.08642,18.120371760281827,20.488147708379923,1.3320957353400967e-7,0.0,18.08642,18.120371760281827,20.488147708379923,0.0,1.3320957353400967e-7,413.21218937053345,0.0,392.67258055997087,0.0 
 01/15  07:45:00,17.0,5.071965,157.5,17.0,5.071965,17.0,5.071965,17.0,17.000000000000004,0.0,18.086421714553918,18.1203734780543,20.48814965061249,12.057614476369277,18.08642,18.120371760281827,20.488147708379923,6.660478676700484e-8,0.0,18.08642,18.120371760281827,20.488147708379923,0.0,6.660478676700484e-8,413.29417358955834,0.0,392.75463787384797,0.0 
 01/15  08:00:00,17.0,5.071965,157.5,17.0,5.071965,17.0,5.071965,16.999999999999996,17.000000000000004,0.0,18.086421714553918,18.1203734780543,20.48814965061249,12.057614476369277,18.08642,18.120371760281827,20.488147708379923,1.3320957353400967e-7,0.0,18.08642,18.120371760281827,20.488147708379923,0.0,1.3320957353400967e-7,413.3755178365391,0.0,392.8360568898498,0.0 
 01/15  08:15:00,17.0,5.071965,157.5,17.0,5.071965,17.0,5.071965,17.0,16.999999999999996,0.0,18.086421714553918,18.1203734780543,20.48814965061249,12.057614476369277,18.08642,18.120371760281827,20.488147708379923,0.0,6.660478676700484e-8,18.08642,18.120371760281827,20.488147708379923,6.660478676700484e-8,0.0,413.45622706471477,0.0,392.9168425272219,0.0 
 01/15  08:30:00,17.0,5.071965,157.5,17.0,5.071965,17.0,5.071965,17.0,17.0,0.0,18.086421714553918,18.1203734780543,20.48814965061249,12.057614476369277,18.08642,18.120371760281827,20.488147708379923,0.0,0.0,18.08642,18.120371760281827,20.488147708379923,0.0,0.0,413.53630619053735,0.0,392.9969996679574,0.0 
 01/15  08:45:00,17.0,5.071965,157.5,17.0,5.071965,17.0,5.071965,16.999999999999996,17.0,0.0,18.086421714553918,18.1203734780543,20.48814965061249,12.057614476369277,18.08642,18.120371760281827,20.488147708379923,6.660478676700484e-8,0.0,18.08642,18.120371760281827,20.488147708379923,0.0,6.660478676700484e-8,413.6157600921579,0.0,393.0765331585426,0.0 
 01/15  09:00:00,17.0,5.071965,157.5,17.0,5.071965,17.0,5.071965,17.0,17.0,0.0,18.086421714553918,18.1203734780543,20.48814965061249,12.057614476369277,18.08642,18.120371760281827,20.488147708379923,0.0,0.0,18.08642,18.120371760281827,20.488147708379923,0.0,0.0,413.6945936112898,0.0,393.15544780727953,0.0 
 01/15  09:15:00,17.0,5.071965,157.5,17.0,5.071965,17.0,5.071965,17.0,17.0,0.0,18.086421714553918,18.1203734780543,20.48814965061249,12.057614476369277,18.08642,18.120371760281827,20.488147708379923,0.0,0.0,18.08642,18.120371760281827,20.488147708379923,0.0,0.0,413.7728115526262,0.0,393.23374838684686,0.0 
 01/15  09:30:00,17.0,5.071965,157.5,17.0,5.071965,17.0,5.071965,17.0,16.999999999999996,0.0,18.086421714553918,18.1203734780543,20.48814965061249,12.057614476369277,18.08642,18.120371760281827,20.488147708379923,0.0,6.660478676700484e-8,18.08642,18.120371760281827,20.488147708379923,6.660478676700484e-8,0.0,413.8504186838401,0.0,393.3114396337188,0.0 
 01/15  09:45:00,17.0,5.071965,157.5,17.0,5.071965,17.0,5.071965,17.000000000000004,17.0,6.66047930809961e-8,18.086421714553918,18.1203734780543,20.48814965061249,12.057614476369277,18.08642,18.120371760281827,20.488147708379923,0.0,6.660478676700484e-8,18.08642,18.120371760281827,20.488147708379923,6.660478676700484e-8,0.0,413.92741973721434,0.0,393.3885262485129,0.0 
 01/15  10:00:00,17.0,5.071965,157.5,17.0,5.071965,17.0,5.071965,17.0,17.0,0.0,18.086421714553918,18.1203734780543,20.48814965061249,12.057614476369277,18.08642,18.120371760281827,20.488147708379923,0.0,0.0,18.08642,18.120371760281827,20.488147708379923,0.0,0.0,414.00381940777885,0.0,393.4650128957582,0.0 
 01/15  10:15:00,17.0,5.071965,157.5,17.0,5.071965,17.0,5.071965,17.0,17.0,0.0,18.086421714553918,18.1203734780543,20.48814965061249,12.057614476369277,18.08642,18.120371760281827,20.488147708379923,0.0,0.0,18.08642,18.120371760281827,20.488147708379923,0.0,0.0,414.0796223563375,0.0,393.5409042054089,0.0 
 01/15  10:30:00,17.0,5.071965,157.5,17.0,5.071965,17.0,5.071965,17.0,17.000000000000004,0.0,18.086421714553918,18.1203734780543,20.48814965061249,12.057614476369277,18.08642,18.120371760281827,20.488147708379923,6.660478676700484e-8,0.0,18.08642,18.120371760281827,20.488147708379923,0.0,6.660478676700484e-8,414.1548332065577,0.0,393.6162047717953,0.0 
 01/15  10:45:00,17.0,5.071965,157.5,17.0,5.071965,17.0,5.071965,17.0,17.000000000000004,0.0,18.086421714553918,18.1203734780543,20.48814965061249,12.057614476369277,18.08642,18.120371760281827,20.488147708379923,6.660478676700484e-8,0.0,18.08642,18.120371760281827,20.488147708379923,0.0,6.660478676700484e-8,414.2294565477641,0.0,393.6909191549058,0.0 
 01/15  11:00:00,17.0,5.071965,157.5,17.0,5.071965,17.0,5.071965,17.0,17.0,0.0,18.086421714553918,18.1203734780543,20.48814965061249,12.057614476369277,18.08642,18.120371760281827,20.488147708379923,0.0,0.0,18.08642,18.120371760281827,20.488147708379923,0.0,0.0,414.3034969342407,0.0,393.76505187898874,0.0 
 01/15  11:15:00,17.0,5.071965,157.5,17.0,5.071965,17.0,5.071965,17.0,17.0,0.0,18.086421714553918,18.1203734780543,20.48814965061249,12.057614476369277,18.08642,18.120371760281827,20.488147708379923,0.0,0.0,18.08642,18.120371760281827,20.488147708379923,0.0,0.0,414.3769588853466,0.0,393.83860743592965,0.0 
 01/15  11:30:00,17.0,5.071965,157.5,17.0,5.071965,17.0,5.071965,17.0,17.0,0.0,18.086421714553918,18.1203734780543,20.48814965061249,12.057614476369277,18.08642,18.120371760281827,20.488147708379923,0.0,0.0,18.08642,18.120371760281827,20.488147708379923,0.0,0.0,414.449846885982,0.0,393.91159028117556,0.0 
 01/15  11:45:00,17.0,5.071965,157.5,17.0,5.071965,17.0,5.071965,17.0,17.0,0.0,18.086421714553918,18.1203734780543,20.48814965061249,12.057614476369277,18.08642,18.120371760281827,20.488147708379923,0.0,0.0,18.08642,18.120371760281827,20.488147708379923,0.0,0.0,414.5221653870541,0.0,393.98400483862497,0.0 
 01/15  12:00:00,17.0,5.071965,157.5,17.0,5.071965,17.0,5.071965,17.0,17.0,0.0,18.086421714553918,18.1203734780543,20.48814965061249,12.057614476369277,18.08642,18.120371760281827,20.488147708379923,0.0,0.0,18.08642,18.120371760281827,20.488147708379923,0.0,0.0,414.59391880501073,0.0,394.05585549678665,0.0 
 01/15  12:15:00,17.0,5.071965,157.5,17.0,5.071965,17.0,5.071965,17.0,17.0,0.0,18.086421714553918,18.1203734780543,20.48814965061249,12.057614476369277,18.08642,18.120371760281827,20.488147708379923,0.0,0.0,18.08642,18.120371760281827,20.488147708379923,0.0,0.0,414.6651115230053,0.0,394.12714661203796,0.0 
 01/15  12:30:00,17.0,5.071965,157.5,17.0,5.071965,17.0,5.071965,17.000000000000004,17.000000000000004,6.66047930809961e-8,18.086421714553918,18.1203734780543,20.48814965061249,12.057614476369277,18.08642,18.120371760281827,20.488147708379923,0.0,0.0,18.08642,18.120371760281827,20.488147708379923,0.0,0.0,414.7357478906634,0.0,394.1978825067637,0.0 
 01/15  12:45:00,17.0,5.071965,157.5,17.0,5.071965,17.0,5.071965,17.0,17.0,0.0,18.086421714553918,18.1203734780543,20.48814965061249,12.057614476369277,18.08642,18.120371760281827,20.488147708379923,0.0,0.0,18.08642,18.120371760281827,20.488147708379923,0.0,0.0,414.8058322240831,0.0,394.2680674713338,0.0 
 01/15  13:00:00,17.0,5.071965,157.5,17.0,5.071965,17.0,5.071965,17.0,17.000000000000004,0.0,18.086421714553918,18.1203734780543,20.48814965061249,12.057614476369277,18.08642,18.120371760281827,20.488147708379923,6.660478676700484e-8,0.0,18.08642,18.120371760281827,20.488147708379923,0.0,6.660478676700484e-8,414.8753688069992,0.0,394.3377057629405,0.0 
 01/15  13:15:00,17.0,5.071965,157.5,17.0,5.071965,17.0,5.071965,17.0,17.000000000000004,0.0,18.086421714553918,18.1203734780543,20.48814965061249,12.057614476369277,18.08642,18.120371760281827,20.488147708379923,6.660478676700484e-8,0.0,18.08642,18.120371760281827,20.488147708379923,0.0,6.660478676700484e-8,414.9443618893857,0.0,394.40680160641205,0.0 
 01/15  13:30:00,17.0,5.071965,157.5,17.0,5.071965,17.0,5.071965,17.0,17.000000000000004,0.0,18.086421714553918,18.1203734780543,20.48814965061249,12.057614476369277,18.08642,18.120371760281827,20.488147708379923,6.660478676700484e-8,0.0,18.08642,18.120371760281827,20.488147708379923,0.0,6.660478676700484e-8,415.0128156897844,0.0,394.47535919502855,0.0 
 01/15  13:45:00,17.0,5.071965,157.5,17.0,5.071965,17.0,5.071965,17.000000000000004,17.000000000000004,6.66047930809961e-8,18.086421714553918,18.1203734780543,20.48814965061249,12.057614476369277,18.08642,18.120371760281827,20.488147708379923,0.0,0.0,18.08642,18.120371760281827,20.488147708379923,0.0,0.0,415.08073439390864,0.0,394.5433826893568,0.0 
 01/15  14:00:00,17.0,5.071965,157.5,17.0,5.071965,17.0,5.071965,17.0,17.0,0.0,18.086421714553918,18.1203734780543,20.48814965061249,12.057614476369277,18.08642,18.120371760281827,20.488147708379923,0.0,0.0,18.08642,18.120371760281827,20.488147708379923,0.0,0.0,415.1481221556896,0.0,394.6108762189978,0.0 
 01/15  14:15:00,17.0,5.071965,157.5,17.0,5.071965,17.0,5.071965,17.0,17.0,0.0,18.086421714553918,18.1203734780543,20.48814965061249,12.057614476369277,18.08642,18.120371760281827,20.488147708379923,0.0,0.0,18.08642,18.120371760281827,20.488147708379923,0.0,0.0,415.2149830971612,0.0,394.67784388188744,0.0 
 01/15  14:30:00,17.0,5.071965,157.5,17.0,5.071965,17.0,5.071965,17.0,17.0,0.0,18.086421714553918,18.1203734780543,20.48814965061249,12.057614476369277,18.08642,18.120371760281827,20.488147708379923,0.0,0.0,18.08642,18.120371760281827,20.488147708379923,0.0,0.0,415.281321308692,0.0,394.7442897441797,0.0 
 01/15  14:45:00,17.0,5.071965,157.5,17.0,5.071965,17.0,5.071965,17.0,17.000000000000004,0.0,18.086421714553918,18.1203734780543,20.48814965061249,12.057614476369277,18.08642,18.120371760281827,20.488147708379923,6.660478676700484e-8,0.0,18.08642,18.120371760281827,20.488147708379923,0.0,6.660478676700484e-8,415.34714084945153,0.0,394.81021784222685,0.0 
 01/15  15:00:00,17.0,5.071965,157.5,17.0,5.071965,17.0,5.071965,17.0,17.000000000000004,0.0,18.086421714553918,18.1203734780543,20.48814965061249,12.057614476369277,18.08642,18.120371760281827,20.488147708379923,6.660478676700484e-8,0.0,18.08642,18.120371760281827,20.488147708379923,0.0,6.660478676700484e-8,415.4124457476427,0.0,394.8756321805996,0.0 
 01/15  15:15:00,17.0,5.071965,157.5,17.0,5.071965,17.0,5.071965,17.0,17.0,0.0,18.086421714553918,18.1203734780543,20.48814965061249,12.057614476369277,18.08642,18.120371760281827,20.488147708379923,0.0,0.0,18.08642,18.120371760281827,20.488147708379923,0.0,0.0,415.4772400003858,0.0,394.94053673406603,0.0 
 01/15  15:30:00,17.0,5.071965,157.5,17.0,5.071965,17.0,5.071965,17.0,17.0,0.0,18.086421714553918,18.1203734780543,20.48814965061249,12.057614476369277,18.08642,18.120371760281827,20.488147708379923,0.0,0.0,18.08642,18.120371760281827,20.488147708379923,0.0,0.0,415.5415275746492,0.0,395.0049354464282,0.0 
 01/15  15:45:00,17.0,5.071965,157.5,17.0,5.071965,17.0,5.071965,16.999999999999996,16.999999999999993,0.0,18.086421714553918,18.1203734780543,20.48814965061249,12.057614476369277,18.08642,18.120371760281827,20.488147708379923,0.0,6.660478676700484e-8,18.08642,18.120371760281827,20.488147708379923,6.660478676700484e-8,0.0,415.60531240620196,0.0,395.06883223226765,0.0 
 01/15  16:00:00,17.0,5.071965,157.5,17.0,5.071965,17.0,5.071965,17.0,16.999999999999996,0.0,18.086421714553918,18.1203734780543,20.48814965061249,12.057614476369277,18.08642,18.120371760281827,20.488147708379923,0.0,6.660478676700484e-8,18.08642,18.120371760281827,20.488147708379923,6.660478676700484e-8,0.0,415.6685984019423,0.0,395.13223097554885,0.0 
 01/15  16:15:00,17.0,5.071965,157.5,17.0,5.071965,17.0,5.071965,16.999999999999996,16.999999999999996,0.0,18.086421714553918,18.1203734780543,20.48814965061249,12.057614476369277,18.08642,18.120371760281827,20.488147708379923,0.0,0.0,18.08642,18.120371760281827,20.488147708379923,0.0,0.0,415.73138943687087,0.0,395.19513553055003,0.0 
 01/15  16:30:00,17.0,5.071965,157.5,17.0,5.071965,17.0,5.071965,17.0,17.000000000000004,0.0,18.086421714553918,18.1203734780543,20.48814965061249,12.057614476369277,18.08642,18.120371760281827,20.488147708379923,6.660478676700484e-8,0.0,18.08642,18.120371760281827,20.488147708379923,0.0,6.660478676700484e-8,415.793689358514,0.0,395.25754972349387,0.0 
 01/15  16:45:00,17.0,5.071965,157.5,17.0,5.071965,17.0,5.071965,17.0,17.0,0.0,18.086421714553918,18.1203734780543,20.48814965061249,12.057614476369277,18.08642,18.120371760281827,20.488147708379923,0.0,0.0,18.08642,18.120371760281827,20.488147708379923,0.0,0.0,415.8555019827326,0.0,395.31947734951973,0.0 
 01/15  17:00:00,17.0,5.071965,157.5,17.0,5.071965,17.0,5.071965,16.999999999999996,17.000000000000004,0.0,18.086421714553918,18.1203734780543,20.48814965061249,12.057614476369277,18.08642,18.120371760281827,20.488147708379923,1.3320957353400967e-7,0.0,18.08642,18.120371760281827,20.488147708379923,0.0,1.3320957353400967e-7,415.91683109849686,0.0,395.38092217629315,0.0 
 01/15  17:15:00,17.0,5.071965,157.5,17.0,5.071965,17.0,5.071965,17.0,17.0,0.0,18.086421714553918,18.1203734780543,20.48814965061249,12.057614476369277,18.08642,18.120371760281827,20.488147708379923,0.0,0.0,18.08642,18.120371760281827,20.488147708379923,0.0,0.0,415.97768046311097,0.0,395.44188794191007,0.0 
 01/15  17:30:00,17.0,5.071965,157.5,17.0,5.071965,17.0,5.071965,17.0,17.000000000000004,0.0,18.086421714553918,18.1203734780543,20.48814965061249,12.057614476369277,18.08642,18.120371760281827,20.488147708379923,6.660478676700484e-8,0.0,18.08642,18.120371760281827,20.488147708379923,0.0,6.660478676700484e-8,416.03805380733684,0.0,395.50237835606094,0.0 
 01/15  17:45:00,17.0,5.071965,157.5,17.0,5.071965,17.0,5.071965,16.999999999999996,16.999999999999993,0.0,18.086421714553918,18.1203734780543,20.48814965061249,12.057614476369277,18.08642,18.120371760281827,20.488147708379923,0.0,6.660478676700484e-8,18.08642,18.120371760281827,20.488147708379923,6.660478676700484e-8,0.0,416.0979548315518,0.0,395.56239710049715,0.0 
 01/15  18:00:00,17.0,5.071965,157.5,17.0,5.071965,17.0,5.071965,17.0,17.0,0.0,18.086421714553918,18.1203734780543,20.48814965061249,12.057614476369277,18.08642,18.120371760281827,20.488147708379923,0.0,0.0,18.08642,18.120371760281827,20.488147708379923,0.0,0.0,416.1573872095904,0.0,395.6219478285639,0.0 
 01/15  18:15:00,17.0,5.071965,157.5,17.0,5.071965,17.0,5.071965,17.0,16.999999999999996,0.0,18.086421714553918,18.1203734780543,20.48814965061249,12.057614476369277,18.08642,18.120371760281827,20.488147708379923,0.0,6.660478676700484e-8,18.08642,18.120371760281827,20.488147708379923,6.660478676700484e-8,0.0,416.21635458432144,0.0,395.68103416520165,0.0 
 01/15  18:30:00,17.0,5.071965,157.5,17.0,5.071965,17.0,5.071965,17.000000000000004,17.0,6.66047930809961e-8,18.086421714553918,18.1203734780543,20.48814965061249,12.057614476369277,18.08642,18.120371760281827,20.488147708379923,0.0,6.660478676700484e-8,18.08642,18.120371760281827,20.488147708379923,6.660478676700484e-8,0.0,416.27486057369975,0.0,395.7396597086917,0.0 
 01/15  18:45:00,17.0,5.071965,157.5,17.0,5.071965,17.0,5.071965,17.000000000000004,17.0,6.66047930809961e-8,18.086421714553918,18.1203734780543,20.48814965061249,12.057614476369277,18.08642,18.120371760281827,20.488147708379923,0.0,6.660478676700484e-8,18.08642,18.120371760281827,20.488147708379923,6.660478676700484e-8,0.0,416.33290876576206,0.0,395.7978280290264,0.0 
 01/15  19:00:00,17.0,5.071965,157.5,17.0,5.071965,17.0,5.071965,17.000000000000004,16.999999999999996,6.66047930809961e-8,18.086421714553918,18.1203734780543,20.48814965061249,12.057614476369277,18.08642,18.120371760281827,20.488147708379923,0.0,1.3320957353400967e-7,18.08642,18.120371760281827,20.488147708379923,1.3320957353400967e-7,0.0,416.39050272188604,0.0,395.8555426690727,0.0 
 01/15  19:15:00,17.0,5.071965,157.5,17.0,5.071965,17.0,5.071965,17.0,17.0,0.0,18.086421714553918,18.1203734780543,20.48814965061249,12.057614476369277,18.08642,18.120371760281827,20.488147708379923,0.0,0.0,18.08642,18.120371760281827,20.488147708379923,0.0,0.0,416.4476459762082,0.0,395.9128071448067,0.0 
 01/15  19:30:00,17.0,5.071965,157.5,17.0,5.071965,17.0,5.071965,17.0,17.0,0.0,18.086421714553918,18.1203734780543,20.48814965061249,12.057614476369277,18.08642,18.120371760281827,20.488147708379923,0.0,0.0,18.08642,18.120371760281827,20.488147708379923,0.0,0.0,416.50434203469194,0.0,395.96962494519533,0.0 
 01/15  19:45:00,17.0,5.071965,157.5,17.0,5.071965,17.0,5.071965,17.0,17.0,0.0,18.086421714553918,18.1203734780543,20.48814965061249,12.057614476369277,18.08642,18.120371760281827,20.488147708379923,0.0,0.0,18.08642,18.120371760281827,20.488147708379923,0.0,0.0,416.5605943778065,0.0,396.02599953208113,0.0 
 01/15  20:00:00,17.0,5.071965,157.5,17.0,5.071965,17.0,5.071965,17.000000000000004,17.0,6.66047930809961e-8,18.086421714553918,18.1203734780543,20.48814965061249,12.057614476369277,18.08642,18.120371760281827,20.488147708379923,0.0,6.660478676700484e-8,18.08642,18.120371760281827,20.488147708379923,6.660478676700484e-8,0.0,416.61640645808086,0.0,396.08193434216076,0.0 
 01/15  20:15:00,17.0,5.071965,157.5,17.0,5.071965,17.0,5.071965,17.0,17.0,0.0,18.086421714553918,18.1203734780543,20.48814965061249,12.057614476369277,18.08642,18.120371760281827,20.488147708379923,0.0,0.0,18.08642,18.120371760281827,20.488147708379923,0.0,0.0,416.6717817017344,0.0,396.1374327837258,0.0 
 01/15  20:30:00,17.0,5.071965,157.5,17.0,5.071965,17.0,5.071965,16.999999999999996,16.999999999999996,0.0,18.086421714553918,18.1203734780543,20.48814965061249,12.057614476369277,18.08642,18.120371760281827,20.488147708379923,0.0,0.0,18.08642,18.120371760281827,20.488147708379923,0.0,0.0,416.7267235091421,0.0,396.19249824096926,0.0 
 01/15  20:45:00,17.0,5.071965,157.5,17.0,5.071965,17.0,5.071965,17.0,17.0,0.0,18.086421714553918,18.1203734780543,20.48814965061249,12.057614476369277,18.08642,18.120371760281827,20.488147708379923,0.0,0.0,18.08642,18.120371760281827,20.488147708379923,0.0,0.0,416.7812352543698,0.0,396.2471340711927,0.0 
 01/15  21:00:00,17.0,5.071965,157.5,17.0,5.071965,17.0,5.071965,17.0,17.0,0.0,18.086421714553918,18.1203734780543,20.48814965061249,12.057614476369277,18.08642,18.120371760281827,20.488147708379923,0.0,0.0,18.08642,18.120371760281827,20.488147708379923,0.0,0.0,416.83532028435724,0.0,396.3013436058536,0.0 
 01/15  21:15:00,17.0,5.071965,157.5,17.0,5.071965,17.0,5.071965,17.0,17.0,0.0,18.086421714553918,18.1203734780543,20.48814965061249,12.057614476369277,18.08642,18.120371760281827,20.488147708379923,0.0,0.0,18.08642,18.120371760281827,20.488147708379923,0.0,0.0,416.88898192241334,0.0,396.3551301516128,0.0 
 01/15  21:30:00,17.0,5.071965,157.5,17.0,5.071965,17.0,5.071965,17.000000000000004,17.0,6.66047930809961e-8,18.086421714553918,18.1203734780543,20.48814965061249,12.057614476369277,18.08642,18.120371760281827,20.488147708379923,0.0,6.660478676700484e-8,18.08642,18.120371760281827,20.488147708379923,6.660478676700484e-8,0.0,416.9422234646046,0.0,396.4084969890536,0.0 
 01/15  21:45:00,17.0,5.071965,157.5,17.0,5.071965,17.0,5.071965,17.000000000000004,17.00000000000001,6.66047930809961e-8,18.086421714553918,18.1203734780543,20.48814965061249,12.057614476369277,18.08642,18.120371760281827,20.488147708379923,1.3320957353400967e-7,0.0,18.08642,18.120371760281827,20.488147708379923,0.0,1.3320957353400967e-7,416.9950481820851,0.0,396.461447373964,0.0 
 01/15  22:00:00,17.0,5.071965,157.5,17.0,5.071965,17.0,5.071965,17.0,17.0,0.0,18.086421714553918,18.1203734780543,20.48814965061249,12.057614476369277,18.08642,18.120371760281827,20.488147708379923,0.0,0.0,18.08642,18.120371760281827,20.488147708379923,0.0,0.0,417.0474593205146,0.0,396.51398453710146,0.0 
 01/15  22:15:00,17.0,5.071965,157.5,17.0,5.071965,17.0,5.071965,17.0,17.0,0.0,18.086421714553918,18.1203734780543,20.48814965061249,12.057614476369277,18.08642,18.120371760281827,20.488147708379923,0.0,0.0,18.08642,18.120371760281827,20.488147708379923,0.0,0.0,417.0994601019194,0.0,396.56611168535903,0.0 
 01/15  22:30:00,17.0,5.071965,157.5,17.0,5.071965,17.0,5.071965,17.0,17.000000000000004,0.0,18.086421714553918,18.1203734780543,20.48814965061249,12.057614476369277,18.08642,18.120371760281827,20.488147708379923,6.660478676700484e-8,0.0,18.08642,18.120371760281827,20.488147708379923,0.0,6.660478676700484e-8,417.15105372178374,0.0,396.61783199897036,0.0 
 01/15  22:45:00,17.0,5.071965,157.5,17.0,5.071965,17.0,5.071965,17.0,17.0,0.0,18.086421714553918,18.1203734780543,20.48814965061249,12.057614476369277,18.08642,18.120371760281827,20.488147708379923,0.0,0.0,18.08642,18.120371760281827,20.488147708379923,0.0,0.0,417.20224335149396,0.0,396.66914863546856,0.0 
 01/15  23:00:00,17.0,5.071965,157.5,17.0,5.071965,17.0,5.071965,17.0,17.000000000000004,0.0,18.086421714553918,18.1203734780543,20.48814965061249,12.057614476369277,18.08642,18.120371760281827,20.488147708379923,6.660478676700484e-8,0.0,18.08642,18.120371760281827,20.488147708379923,0.0,6.660478676700484e-8,417.25303213880414,0.0,396.7200647278222,0.0 
 01/15  23:15:00,17.0,5.071965,157.5,17.0,5.071965,17.0,5.071965,16.999999999999996,17.000000000000004,0.0,18.086421714553918,18.1203734780543,20.48814965061249,12.057614476369277,18.08642,18.120371760281827,20.488147708379923,1.3320957353400967e-7,0.0,18.08642,18.120371760281827,20.488147708379923,0.0,1.3320957353400967e-7,417.3034232058562,0.0,396.7705833851359,0.0 
 01/15  23:30:00,17.0,5.071965,157.5,17.0,5.071965,17.0,5.071965,17.0,17.0,0.0,18.086421714553918,18.1203734780543,20.48814965061249,12.057614476369277,18.08642,18.120371760281827,20.488147708379923,0.0,0.0,18.08642,18.120371760281827,20.488147708379923,0.0,0.0,417.3534196520922,0.0,396.82070769183343,0.0 
 01/15  23:45:00,17.0,5.071965,157.5,17.0,5.071965,17.0,5.071965,17.000000000000004,17.0,6.66047930809961e-8,18.086421714553918,18.1203734780543,20.48814965061249,12.057614476369277,18.08642,18.120371760281827,20.488147708379923,0.0,6.660478676700484e-8,18.08642,18.120371760281827,20.488147708379923,6.660478676700484e-8,0.0,417.4030245521571,0.0,396.87044070917176,0.0 
 01/15  24:00:00,17.0,5.071965,157.5,17.0,5.071965,17.0,5.071965,17.0,16.999999999999996,0.0,18.086421714553918,18.1203734780543,20.48814965061249,12.057614476369277,18.08642,18.120371760281827,20.488147708379923,0.0,6.660478676700484e-8,18.08642,18.120371760281827,20.488147708379923,6.660478676700484e-8,0.0,417.45224095683074,0.0,396.91978547524207,0.0 
